{
  "RefreshSeconds": 30,
  "Port": 61053,
  "Timeout": 5,
  "StateTimeoutSeconds": 300,
  "ZkDetectionTimeout": 30,
  "HttpPort": 8123,
  "TTL": 60,
  "SRVRecordDefaultWeight": 1,
  "SOASerial": 1542149311,
  "SOARefresh": 60,
  "SOARetry": 600,
  "SOAExpire": 86400,
  "SOAMinttl": 60,
  "SOAMname": "ns1.mesos.",
  "SOARname": "root.ns1.mesos.",
  "Masters": null,
  "ZoneResolvers": {},
  "Resolvers": [
   "169.254.169.253"
  ],
  "IPSources": [
   "host",
   "netinfo"
  ],
  "Zk": "zk://zk-1.zk:2181,zk-2.zk:2181,zk-3.zk:2181,zk-4.zk:2181,zk-5.zk:2181/mesos",
  "Domain": "mesos",
  "File": "/opt/mesosphere/etc/mesos-dns-enterprise.json",
  "Listener": "0.0.0.0",
  "HTTPListener": "127.0.0.1",
  "RecurseOn": true,
  "DnsOn": true,
  "HttpOn": true,
  "ExternalOn": true,
  "EnforceRFC952": false,
  "SetTruncateBit": true,
  "EnumerationOn": true,
  "MesosHTTPSOn": true,
  "CACertFile": "/run/dcos/pki/CA/ca-bundle.crt",
  "CertFile": "/run/dcos/pki/tls/certs/mesos-dns.crt",
  "KeyFile": "/run/dcos/pki/tls/private/mesos-dns.key",
  "MesosCredentials": {
   "Principal": "",
   "Secret": ""
  },
  "IAMConfigFile": "/run/dcos/etc/mesos-dns/iam.json",
  "MesosAuthentication": "iam"
 }